model,T,n_runs,mean_final_wealth,mean_sharpe_like,mean_abs_inventory,mean_max_drawdown,barrier_hit_rate,survival_rate,mean_steps_survived
AS_regime_barrier,5.0,300,16.013584399641967,0.10260391578351823,0.8329500746827708,5.02260814848232,0.31333333333333335,0.6866666666666666,413.79
SCMM_v4_gated_regime_barrier,5.0,300,17.070332897064947,0.11485219002559058,0.7075328662376207,4.3934222533078415,0.22,0.78,434.64
AS_regime_barrier,10.0,300,12.05886307124577,0.023232282568616557,0.5307705398634713,7.840677462785211,0.74,0.26,463.93
SCMM_v4_gated_regime_barrier,10.0,300,13.363151138486154,0.029890557915995628,0.49519334065443216,7.477084263614634,0.6833333333333333,0.31666666666666665,499.0466666666667
AS_regime_barrier,20.0,300,5.254538895753949,0.004182797365336772,0.2699429931391516,13.11503516460836,0.9833333333333333,0.016666666666666666,518.18
SCMM_v4_gated_regime_barrier,20.0,300,5.2829734744930095,0.004411788893911081,0.2606017457684786,12.978256046193891,0.9766666666666667,0.023333333333333334,525.5033333333333
AS_regime_barrier,40.0,300,-4.7893902535743,-0.014291177587738573,0.12946858568601435,24.33967580193202,0.9966666666666667,0.0033333333333333335,1013.5866666666667
SCMM_v4_gated_regime_barrier,40.0,300,-4.6742231587546526,-0.014272296720313887,0.1278028486626863,24.001389483197137,0.9966666666666667,0.0033333333333333335,1025.95
